0,0,0.050213683,0,0,4.023116589
0.5,1,-0.027133143,0,0,5.173032761
0.666666667,1,-0.038037226,0.333333333,1,4.797534943
0.5,0,-0.206588715,0.25,0,4.280995846
0.6,1,-0.236889273,0,0,0.642722905
0.5,0,-0.191364408,0,0,0.417150706
0.428571429,0,-0.226902694,0,0,0.402715325
0.375,0,-0.490578711,0,0,0.378555536
0.333333333,0,-0.477800786,0,0,0.51650548
0.3,0,-0.777400911,0,0,0.289913714
0.272727273,0,-0.642356455,0,0,0.255926371
0.25,0,-0.698105752,0,0,0.215860888
0.230769231,0,-0.908879876,0,0,0.189309493
0.214285714,0,-1.223822594,0,0,0.972854793
0.2,0,-1.368769765,0,0,0.388125032
0.25,1,-1.320702195,0,0,0.271003485
0.235294118,0,-1.234318256,0,0,0.292032242
0.222222222,0,-1.137517214,0,0,0.338301808
0.210526316,0,-1.64734447,0.2,1,0.276148379
0.3,2,-1.387822032,0.166666667,0,0.243472993
0.285714286,0,-1.651101708,0.142857143,0,0.217872858
0.318181818,1,-1.792359352,0.125,0,0.170646265
0.347826087,1,-1.56575489,0.111111111,0,0.14671582
0.333333333,0,-1.732978463,0.1,0,0.16392453
0.36,1,-1.550261736,0.090909091,0,0.229852036
0.346153846,0,-2.149183989,0.083333333,0,0.120759718
0.37037037,1,-2.120931864,0.076923077,0,0.108946033
0.357142857,0,-1.733201981,0.071428571,0,0.12370576
0.379310345,1,-2.097500801,0.066666667,0,0.164679259
0.366666667,0,-1.849132895,0.125,1,0.213502258
0.387096774,1,-2.31127429,0.117647059,0,0.175443739
0.40625,1,-2.08999753,0.111111111,0,0.206271186
0.424242424,1,-2.405658484,0.157894737,1,0.187232792
0.441176471,1,-2.314167738,0.15,0,0.216477036
0.457142857,1,-2.080596447,0.19047619,1,0.171868876
0.5,2,-2.129431009,0.181818182,0,0.147346482
0.513513514,1,-2.138462067,0.173913043,0,0.259662271
0.552631579,2,-1.934999228,0.166666667,0,0.27587682
0.538461538,0,-2.237974882,0.16,0,0.216427043
0.575,2,-1.792694926,0.153846154,0,0.240456909
0.585365854,1,-1.837466598,0.148148148,0,0.245794624
0.571428571,0,-1.983561635,0.142857143,0,0.195193306
0.581395349,1,-1.643185616,0.137931034,0,0.167840928
0.568181818,0,-1.185666561,0.133333333,0,0.16027391
0.577777778,1,-1.820315719,0.129032258,0,0.167491511
0.565217391,0,-2.340471029,0.125,0,0.154727563
0.553191489,0,-2.437532902,0.121212121,0,0.175017148
0.541666667,0,-2.514343739,0.117647059,0,0.111545421
0.530612245,0,-2.755666018,0.142857143,1,0.22018376
0.52,0,-1.904008269,0.138888889,0,0.243834347
0.568627451,3,-1.821190953,0.135135135,0,0.14985773
0.557692308,0,-1.407843113,0.157894737,1,0.186636388
0.547169811,0,-2.068847895,0.153846154,0,0.216050327
0.537037037,0,-2.565504313,0.15,0,0.15266782
0.563636364,2,-1.669193983,0.146341463,0,0.290303528
0.553571429,0,-1.448927641,0.142857143,0,0.164744705
0.543859649,0,-1.616709948,0.139534884,0,0.234066278
0.534482759,0,-1.633604288,0.159090909,1,0.214109033
0.542372881,1,-2.266542196,0.155555556,0,0.289922029
0.55,1,-2.010858059,0.152173913,0,0.147423476
0.540983607,0,-1.764489412,0.170212766,1,0.191313267
0.548387097,1,-2.140187263,0.166666667,0,0.124614179
0.53968254,0,-1.643268466,0.163265306,0,0.14437519
0.53125,0,-2.225372791,0.16,0,0.106832378
0.523076923,0,-1.548565269,0.176470588,1,0.253414005
0.575757576,4,-1.91021204,0.173076923,0,0.196705401
0.567164179,0,-1.787476778,0.169811321,0,0.211351484
0.558823529,0,-1.733906388,0.166666667,0,0.169137865
0.550724638,0,-1.790834427,0.163636364,0,0.230713353
0.585714286,3,-1.616590023,0.160714286,0,0.18309705
0.591549296,1,-1.583643198,0.157894737,0,0.095968813
0.583333333,0,-1.309326053,0.155172414,0,0.129899308
0.630136986,4,-1.229878068,0.152542373,0,0.159355968
0.837837838,16,-1.365412712,0.15,0,0.243008301
0.92,7,-1.276352525,0.147540984,0,0.186081782
1.013157895,8,-1.325026631,0.14516129,0,0.072897434
1,0,-1.596781015,0.142857143,0,0.137872979
1.205128205,17,-1.072363257,0.140625,0,0.275829196
1.202531646,1,-0.97120589,0.153846154,1,1.575222373
1.25,5,-0.673435152,0.151515152,0,0.566103518
1.308641975,6,-0.736015081,0.149253731,0,0.631615043
1.341463415,4,-0.763911128,0.147058824,0,0.48890233
1.373493976,4,-0.886224329,0.144927536,0,0.39559859
1.630952381,23,-0.410782605,0.142857143,0,0.207234249
1.717647059,9,-0.207742736,0.14084507,0,0.142406166
1.988372093,25,-0.069863215,0.138888889,0,0.261516571
2.172413793,18,0.667784154,0.136986301,0,0.535956979
2.522727273,33,0.969926596,0.135135135,0,0.248854533
2.640449438,13,1.126388192,0.133333333,0,0.108569719
2.911111111,27,1.376583934,0.131578947,0,0.159576371
3.021978022,13,1.236616254,0.142857143,1,0.340047717
3.423913043,40,1.845550418,0.153846154,1,0.423622936
3.559139785,16,1.754925728,0.151898734,0,0.597581446
3.829787234,29,1.860595584,0.15,0,0.39948678
4,20,2.191875696,0.148148148,0,0.54618305
4.40625,43,2.058986187,0.146341463,0,0.388827801
4.762886598,39,2.793642759,0.168674699,2,0.265359581
5.040816327,32,1.871876121,0.166666667,0,0.962008119
5.585858586,59,2.533405781,0.164705882,0,0.646811128
5.93,40,2.675466776,0.162790698,0,0.612200797
6.118811881,25,3.06184721,0.16091954,0,0.434848666
6.323529412,27,2.496487141,0.159090909,0,0.623195291
6.689320388,44,2.926720142,0.157303371,0,0.454786628
6.980769231,37,3.314647675,0.155555556,0,0.273980707
7.019047619,11,3.573411942,0.153846154,0,0.272530198
7.386792453,46,3.839583397,0.152173913,0,0.412320554
7.551401869,25,3.307464123,0.150537634,0,0.221831873
7.759259259,30,3.147600651,0.14893617,0,0.195128411
7.908256881,24,3.788443089,0.147368421,0,0.188788593
8.136363636,33,3.538582563,0.145833333,0,0.186720669
8.414414414,39,3.971184254,0.144329897,0,0.181054905
8.803571429,52,3.165301085,0.142857143,0,0.095963523
9.044247788,36,2.805115461,0.141414141,0,0.162290543
9.122807018,18,3.732121468,0.14,0,0.195518479
9.208695652,19,3.611697197,0.138613861,0,0.179017618
9.612068966,56,3.048091173,0.137254902,0,0.09548635
9.846153846,37,4.071858883,0.13592233,0,0.091872908
9.966101695,24,4.025477409,0.134615385,0,0.216588259
10.1512605,32,3.311355591,0.133333333,0,0.058696579
10.21666667,18,4.124101639,0.132075472,0,0.146128908
10.4214876,35,3.385311842,0.130841121,0,0.203648359
10.52459016,23,3.114802837,0.12962963,0,0.100454986
10.52845528,11,3.943585396,0.128440367,0,0.146509752
10.87903226,54,3.380831718,0.127272727,0,0.26628539
11.152,45,4.164930344,0.126126126,0,0.190992817
11.37301587,39,4.054176807,0.125,0,1.09886086
11.35433071,9,3.6212883,0.123893805,0,0.624306023
11.46875,26,4.245316029,0.122807018,0,0.381476641
11.71317829,43,3.567116261,0.12173913,0,0.430403084
11.76153846,18,3.311115742,0.120689655,0,0.31023261
11.8778626,27,3.911637545,0.11965812,0,0.242582396
12.03787879,33,3.976727486,0.118644068,0,0.322608709
12.45864662,68,3.609661341,0.117647059,0,0.331607133
12.47014925,14,4.206140995,0.116666667,0,0.219726324
12.59259259,29,4.293854713,0.115702479,0,0.198457971
12.80882353,42,3.531402349,0.114754098,0,0.083727792
12.83941606,17,3.613570452,0.113821138,0,0.111650363
12.87681159,18,3.794928312,0.112903226,0,2.258174896
12.97841727,27,3.500691652,0.112,0,0.352324903
13.37857143,69,3.445363283,0.111111111,0,0.244767785
13.78723404,71,3.782120943,0.11023622,0,0.224093795
13.81690141,18,4.497141838,0.109375,0,0.170266211
13.93706294,31,4.147792816,0.108527132,0,0.182343483
14.15972222,46,3.754126787,0.107692308,0,0.088278815
14.20689655,21,4.249628067,0.106870229,0,0.222653672
14.49315068,56,3.65682888,0.106060606,0,0.587668121
14.62585034,34,2.957121611,0.105263158,0,0.261113375
14.83108108,45,3.552050829,0.111940299,1,0.55710423
14.93288591,30,3.575883865,0.111111111,0,0.214483321
15.02,28,3.77402854,0.110294118,0,0.305074632
15.23178808,47,3.572401285,0.109489051,0,0.113026693
15.40131579,41,3.441873074,0.108695652,0,0.144578069
15.49673203,30,4.129751682,0.107913669,0,0.13319169
15.53896104,22,3.540049314,0.107142857,0,0.161423668
15.61290323,27,3.858602047,0.106382979,0,0.100460254
15.67948718,26,4.006363392,0.105633803,0,0.072892904
15.76433121,29,3.578084469,0.104895105,0,0.202130452
15.94936709,45,3.377856493,0.104166667,0,0.208419278
16.13207547,45,3.930333853,0.103448276,0,0.066798933
16.21875,30,3.364048243,0.102739726,0,0.143158779
16.37888199,42,4.296089172,0.102040816,0,0.172549054
16.40740741,21,3.993541479,0.101351351,0,0.099941567
16.4601227,25,4.167744637,0.100671141,0,0.110605806
16.63414634,45,3.678261995,0.1,0,0.191189274
16.72727273,32,3.82277298,0.099337748,0,0.064179674
16.77108434,24,3.937036753,0.098684211,0,0.13281174
16.88622754,36,4.493932724,0.098039216,0,0.820949793
17.10714286,54,3.924260378,0.097402597,0,0.347066969
17.18343195,30,3.793750763,0.096774194,0,0.298608601
17.22941176,25,3.824413538,0.096153846,0,0.137223139
17.29239766,28,3.795264721,0.095541401,0,0.123733819
17.3372093,25,3.740918159,0.094936709,0,0.633123755
17.60693642,64,3.437668562,0.094339623,0,0.210437924
17.75287356,43,4.377987862,0.09375,0,0.339595765
17.93714286,50,3.889187098,0.093167702,0,0.112063833
17.88068182,8,3.896091938,0.092592593,0,0.094011515
17.8700565,16,3.392188311,0.098159509,1,0.31163916
17.88764045,21,3.596473217,0.097560976,0,0.720322728
17.89385475,19,4.080465317,0.096969697,0,0.613936543
17.97222222,32,3.39247632,0.096385542,0,0.506451964
18.0718232,36,4.223124504,0.095808383,0,0.321542859
18.16483516,35,3.592656851,0.095238095,0,0.33419463
18.20218579,25,3.672468662,0.094674556,0,0.223795205
18.24456522,26,4.016011238,0.094117647,0,0.211113647
18.3027027,29,3.803040028,0.093567251,0,0.25558576
18.39247312,35,4.614441872,0.093023256,0,0.439880043
18.3368984,8,4.20856905,0.092485549,0,0.137138098
18.38829787,28,3.935745716,0.091954023,0,0.173224062
18.50793651,41,4.175055027,0.091428571,0,0.145126164
18.63157895,42,3.783220053,0.090909091,0,0.05819935
18.59685864,12,4.071592808,0.09039548,0,0.656351209
18.63020833,25,4.404882908,0.08988764,0,0.291296482
18.75129534,42,3.800182819,0.089385475,0,0.306683719
18.84020619,36,4.668607235,0.088888889,0,0.25322023
18.9025641,31,3.95073843,0.093922652,1,0.141891524
19.10714286,59,4.182351112,0.093406593,0,0.384282589
19.16751269,31,4.497434616,0.092896175,0,0.327124685
19.32323232,50,4.007958889,0.092391304,0,0.302086025
19.3718593,29,4.26295948,0.091891892,0,0.223843634
19.49,43,3.80254817,0.091397849,0,0.130780026
19.6119403,44,3.849123478,0.090909091,0,0.176429018
19.60891089,19,3.779871464,0.090425532,0,0.117241345
19.71921182,42,4.573117256,0.08994709,0,0.074548349
19.7254902,21,4.22521162,0.089473684,0,0.169527248
19.87804878,51,3.846251726,0.089005236,0,0.130369321
19.97087379,39,3.809875965,0.088541667,0,0.166866422
20.02898551,32,4.882222176,0.088082902,0,0.586479306
20.12019231,39,3.105084658,0.087628866,0,0.352927566
20.20095694,37,3.556704998,0.087179487,0,0.192902967
20.21428571,23,3.853504896,0.086734694,0,0.146341741
20.24170616,26,4.256198883,0.086294416,0,0.154780045
20.26886792,26,3.654024363,0.085858586,0,0.096902668
20.31455399,30,4.757623196,0.085427136,0,0.158015594
20.38785047,36,3.890145063,0.085,0,0.182422265
20.34418605,11,4.879082203,0.084577114,0,0.084964924
20.33333333,18,4.012432575,0.084158416,0,0.119121626
20.35023041,24,4.658907413,0.083743842,0,0.438271642
20.5,53,3.631496668,0.083333333,0,0.202639431
20.54794521,31,3.626613855,0.082926829,0,0.150403813
20.70909091,56,3.421885729,0.082524272,0,0.098783173
20.74208145,28,4.213480949,0.082125604,0,0.116429925
20.8018018,34,4.265046597,0.081730769,0,0.176977947
20.82959641,27,4.769178391,0.081339713,0,0.125282079
20.86160714,28,4.266201019,0.080952381,0,0.114311866
20.84888889,18,4.215340614,0.08056872,0,0.199320063
20.86283186,24,4.667235374,0.080188679,0,0.183723152
21,52,4.792019367,0.079812207,0,0.145012498
20.95614035,11,3.550382376,0.079439252,0,0.123482414
21.0349345,39,4.013394356,0.079069767,0,0.034064218
21.08695652,33,3.964498043,0.078703704,0,0.106548198
21.16450216,39,4.052357197,0.078341014,0,0.043191954
21.10775862,8,4.27067709,0.077981651,0,0.028528143
21.17167382,36,4.267823696,0.077625571,0,0.103583641
21.23931624,37,3.617605686,0.077272727,0,0.141316146
21.30212766,36,4.150027752,0.076923077,0,0.124579541
21.32627119,27,4.270969868,0.076576577,0,0.382582158
21.37552743,33,4.175866127,0.076233184,0,0.243846238
21.43697479,36,4.408383846,0.075892857,0,0.255988061
21.44769874,24,3.569041967,0.075555556,0,0.316136688
21.575,52,4.428088188,0.075221239,0,0.176440775
21.57261411,21,3.816114902,0.074889868,0,0.154586911
21.52066116,9,4.024396896,0.074561404,0,0.157452434
21.51028807,19,3.49651742,0.074235808,0,0.130962715
21.60245902,44,3.65931201,0.07826087,1,0.119676016
21.68979592,43,3.780263662,0.077922078,0,0.307256907
21.79268293,47,3.894499063,0.077586207,0,0.197230414
21.82995951,31,3.794340134,0.077253219,0,0.180614159
21.8266129,21,4.523554802,0.076923077,0,0.251123548
21.85542169,29,4.005410671,0.076595745,0,0.25637266
21.96,48,3.729796886,0.076271186,0,0.147943467
21.97211155,25,4.406661034,0.075949367,0,0.367245048
22.04365079,40,4.063119888,0.075630252,0,0.184349522
22.03952569,21,4.13617754,0.075313808,0,0.107531026
22.19291339,61,3.621199608,0.075,0,0.243632227
22.2745098,43,3.548268557,0.074688797,0,0.32705462
22.24609375,15,3.592569828,0.074380165,0,0.253011674
22.30350195,37,3.607824087,0.074074074,0,0.115906626
22.35271318,35,4.335238934,0.073770492,0,0.320092499
22.45945946,50,3.72479105,0.073469388,0,0.120594658
22.48846154,30,3.939227819,0.073170732,0,0.189062446
22.50957854,28,4.157418251,0.072874494,0,0.149991438
22.49236641,18,4.050046921,0.072580645,0,0.127281368
22.46387833,15,4.113587856,0.072289157,0,0.260762215
22.54166667,43,3.5331707,0.072,0,0.236016259
22.57735849,32,4.151607037,0.071713147,0,0.113248475
22.56015038,18,3.537661791,0.071428571,0,0.114256814
22.67041199,52,4.424029827,0.071146245,0,0.392017007
22.69402985,29,3.968108177,0.070866142,0,0.204737082
22.73977695,35,4.208127022,0.070588235,0,0.281264842
22.82222222,45,3.669982672,0.0703125,0,0.264945507
22.79335793,15,4.424274445,0.070038911,0,0.151076064
22.86397059,42,3.102959394,0.069767442,0,0.137129307
22.93772894,43,3.86964035,0.069498069,0,0.561098158
22.90510949,14,3.916744232,0.069230769,0,0.181751743
22.88363636,17,3.863536835,0.068965517,0,0.135649502
23.00362319,56,3.651447535,0.06870229,0,0.106970981
23.08303249,45,3.775704861,0.068441065,0,0.290345401
23.09352518,26,4.129611015,0.068181818,0,0.30494833
23.13261649,34,4.264733791,0.067924528,0,0.111533068
23.11071429,17,4.481987953,0.067669173,0,0.166701704
23.16725979,39,4.18508482,0.06741573,0,0.115027428
23.15957447,21,4.103796959,0.067164179,0,0.148715436
23.12720848,14,4.118587494,0.066914498,0,0.058183234
23.1056338,17,4.202818394,0.066666667,0,1.517822623
23.14385965,34,3.738847494,0.066420664,0,0.16080977
23.21328671,43,3.655583382,0.066176471,0,0.866427064
23.26132404,37,5.022743702,0.065934066,0,0.143139005
23.21875,11,3.793678999,0.065693431,0,0.146463975
23.30449827,48,4.049667835,0.065454545,0,0.206804976
23.31724138,27,4.192219734,0.065217391,0,0.278143793
23.32989691,27,3.920045614,0.064981949,0,0.269307494
23.38356164,39,3.958539248,0.064748201,0,0.188809365
23.41979522,34,3.611896753,0.064516129,0,0.162412807
23.47278912,39,3.86674118,0.064285714,0,0.111379556
23.4440678,15,3.626287222,0.06405694,0,0.155008346
23.4222973,17,3.103325605,0.063829787,0,0.073901564
23.43771044,28,4.131610394,0.06360424,0,0.171980143
23.46644295,32,3.412311792,0.063380282,0,0.064362854
23.47157191,25,3.282002211,0.063157895,0,0.097438246
23.59333333,60,3.210383892,0.062937063,0,0.279027373
23.7076412,58,3.369292259,0.06271777,0,0.359579951
23.8013245,52,3.81405592,0.0625,0,0.266181022
23.80528053,25,4.351433754,0.062283737,0,0.236136571
23.91447368,57,4.051512241,0.062068966,0,0.19370541
23.95737705,37,3.826093197,0.06185567,0,0.24340193
24.02287582,44,4.507242203,0.061643836,0,0.119828932
24.07491857,40,3.357721806,0.061433447,0,0.124621369
24.11038961,35,3.83093977,0.06122449,0,0.227306291
24.09385113,19,4.321024418,0.061016949,0,0.220579922
24.15806452,44,3.710853815,0.060810811,0,0.112594657
24.20257235,38,4.175341606,0.060606061,0,0.277803779
24.18589744,19,4.142044544,0.060402685,0,0.053797092
24.22044728,35,4.589775562,0.060200669,0,0.185653225
24.19745223,17,4.38254118,0.06,0,0.13371411
24.24126984,38,4.196107864,0.059800664,0,0.087378278
24.24367089,25,4.379758358,0.059602649,0,0.213468343
24.26498423,31,3.918577671,0.059405941,0,0.045282353
24.28616352,31,4.280277729,0.059210526,0,0.056431703
24.29780564,28,3.812091351,0.059016393,0,0.124422483
24.278125,18,4.359669209,0.058823529,0,0.207273766
24.30218069,32,4.200895786,0.058631922,0,0.134054318
24.28571429,19,4.055612087,0.058441558,0,0.17056419
24.27863777,22,4.225926399,0.058252427,0,0.213497281
24.38580247,59,4.03516674,0.061290323,1,0.318937004
24.43076923,39,3.544381618,0.061093248,0,0.268853247
24.46625767,36,4.732741833,0.060897436,0,0.512199163
24.43730887,15,3.60222435,0.060702875,0,0.335320115
24.53353659,56,4.470302105,0.060509554,0,0.289812773
24.65045593,63,4.095551968,0.06031746,0,0.206282586
24.67575758,33,4.291841507,0.060126582,0,0.223766178
24.65558912,18,4.43586731,0.059936909,0,0.141406521
24.78313253,67,3.719441891,0.059748428,0,0.260210633
24.78978979,27,3.942794561,0.059561129,0,0.14067255
24.82335329,36,4.033940792,0.059375,0,0.181797907
24.8,17,5.142701626,0.059190031,0,0.144446731
24.83333333,36,4.236650467,0.059006211,0,0.189215899
24.95252226,65,3.787095308,0.058823529,0,0.113971576
25.0147929,46,3.961843252,0.058641975,0,0.218920365
24.97640118,12,4.534183979,0.058461538,0,0.061279509
25.01764706,39,4.309989452,0.058282209,0,0.115700349
25.11143695,57,4.072364807,0.058103976,0,0.116926178
25.17836257,48,4.141502857,0.057926829,0,0.125253826
25.20116618,33,3.009340048,0.05775076,0,0.121353284
25.22383721,33,4.38292551,0.057575758,0,0.04973492
25.27826087,44,3.885284424,0.057401813,0,0.115774788
25.31791908,39,3.96350956,0.057228916,0,0.076934256
25.33429395,31,4.168883801,0.057057057,0,0.092247427
25.41091954,52,4.18968153,0.056886228,0,0.172037542
25.48997135,53,3.342496872,0.056716418,0,0.147242293
25.48857143,25,3.896563053,0.056547619,0,0.091540292
25.44729345,11,3.656535149,0.056379822,0,0.072174743
25.49147727,41,3.478065252,0.056213018,0,0.101050161
25.52407932,37,4.121296406,0.056047198,0,0.168069392
25.52259887,25,4.679288864,0.055882353,0,0.098267473
25.53521127,30,3.989416599,0.055718475,0,0.131088182
25.56460674,36,3.883965015,0.055555556,0,0.1417142
25.66106443,60,3.624329805,0.055393586,0,0.114598759
25.60335196,5,3.234967709,0.055232558,0,0.088993035
25.67688022,52,3.804711103,0.055072464,0,0.110879183
25.70555556,36,4.088656902,0.054913295,0,0.065892562
25.80609418,62,3.894985437,0.054755043,0,0.061943203
25.91436464,65,3.447926044,0.054597701,0,0.083102502
25.88705234,16,4.619859219,0.054441261,0,0.062852293
25.89835165,30,4.049384117,0.054285714,0,0.073510095
25.9369863,40,4.353051662,0.054131054,0,0.1066771
25.93715847,26,4.561545849,0.053977273,0,0.11361213
25.94277929,28,5.038299561,0.053824363,0,0.066746511
25.94565217,27,4.400830269,0.053672316,0,0.165961727
25.9701897,35,4.567332268,0.053521127,0,0.124311954
26.01891892,44,4.001122475,0.053370787,0,0.118376687
26.01078167,23,3.808732033,0.053221289,0,0.112566963
26.0672043,47,4.149113178,0.053072626,0,0.063052431
26.04825737,19,4.193150997,0.052924791,0,0.154864416
26.06417112,32,3.649200916,0.052777778,0,0.099671692
26.05333333,22,4.303012848,0.052631579,0,0.215187177
26.05585106,27,4.983685493,0.052486188,0,0.309126467
26.06100796,28,4.876386642,0.052341598,0,0.270408392
26.05555556,24,4.207622528,0.052197802,0,0.160887271
26.12137203,51,4.612003803,0.052054795,0,0.152325243
26.16578947,43,4.128915787,0.051912568,0,0.105873644
26.18897638,35,4.338682652,0.051771117,0,0.2592794
26.21989529,38,4.016700268,0.051630435,0,0.115000129
26.18798956,14,3.826111317,0.051490515,0,0.025259143
26.21875,38,4.816563129,0.051351351,0,0.069847114
26.3012987,58,4.349028587,0.051212938,0,0.117082812
26.37305699,54,4.031260014,0.051075269,0,0.114055082
26.3875969,32,4.316609383,0.050938338,0,0.089460194
26.37886598,23,4.235532284,0.050802139,0,0.068402685
26.37017995,23,3.28230381,0.050666667,0,0.036245599
26.33076923,11,4.188570499,0.050531915,0,0.065529175
26.342711,31,3.232204914,0.050397878,0,0.111434102
26.37244898,38,4.136900902,0.05026455,0,0.19196859
26.40203562,38,3.916924238,0.050131926,0,0.116492309
26.46192893,50,3.488019466,0.05,0,0.074613608
26.48607595,36,4.781653404,0.049868766,0,0.091324776
26.46969697,20,4.620006084,0.04973822,0,0.039168768
26.47858942,30,4.341146469,0.049608355,0,0.105958819
26.53266332,48,3.484671831,0.049479167,0,0.094974846
26.55639098,36,4.119158745,0.049350649,0,0.123138987
26.595,42,4.576320171,0.049222798,0,0.073698059
26.61845387,36,4.569564342,0.049095607,0,0.16442059
26.64179104,36,4.383601665,0.048969072,0,0.076878123
26.62531017,20,4.676974773,0.048843188,0,0.043712076
26.5990099,16,3.291851521,0.048717949,0,0.041358151
26.55308642,8,4.665441513,0.04859335,0,0.169842556
26.59359606,43,4.117332458,0.048469388,0,0.098418459
26.60687961,32,4.091225624,0.048346056,0,0.093639046
26.59313725,21,3.654776096,0.04822335,0,0.140205532
26.63814181,45,3.842673779,0.048101266,0,0.088073507
26.62195122,20,3.96547389,0.047979798,0,0.070884824
26.61313869,23,3.749901533,0,0,-0.004643157
26.6723301,51,3.902137518,0.5,1,-0.015082072
26.70217918,39,3.80647707,0.666666667,1,-0.021904001
26.72705314,37,4.398298264,0.5,0,-0.015211009
26.75421687,38,3.797140598,0.6,1,-0.028931879
26.79326923,43,4.041896343,0.5,0,-0.041670818
26.82014388,38,4.841441154,0.428571429,0,-0.091682687
26.83732057,34,2.931452036,0.375,0,-0.105054274
26.87112172,41,4.349373341,0.333333333,0,-0.12853983
26.9,39,4.314964771,0.4,1,-0.190909505
26.98099762,61,3.913138151,0.363636364,0,-0.187682375
26.96919431,22,4.522777557,0.333333333,0,-0.281369448
26.95035461,19,4.684654713,0.307692308,0,-0.55844748
26.98349057,41,4.114691734,0.285714286,0,-0.685193717
26.97882353,25,4.712097168,0.266666667,0,-0.693463206
26.99061033,32,4.028105736,0.25,0,-0.720360756
26.96487119,16,4.099459171,0.235294118,0,-1.029839993
27.00233645,43,4.58438921,0.222222222,0,-0.888997197
27.01864802,34,4.066472054,0.210526316,0,-0.97072345
27.04651163,39,3.485814333,0.2,0,-1.355270386
27.11136891,55,4.092073917,0.19047619,0,-1.483288884
27.18055556,57,4.319169998,0.181818182,0,-1.08731544
27.20323326,37,4.305779457,0.173913043,0,-1.498066664
27.23732719,42,4.394253254,0.208333333,1,-1.101905942
27.27586207,44,4.527364731,0.2,0,-0.527757764
27.29587156,36,4.50295639,0.192307692,0,-0.527979195
27.29061785,25,4.137366295,0.185185185,0,-1.319494128
27.28310502,24,4.410608292,0.178571429,0,-1.188434839
27.28473804,28,3.956865072,0.172413793,0,-1.239089966
27.31363636,40,3.7045331,0.166666667,0,-1.312336087
27.33786848,38,3.96020627,0.161290323,0,-1.573120713
27.36651584,40,4.183431625,0.15625,0,-1.524237275
27.40632054,45,3.705474854,0.151515152,0,-1.803499699
27.3963964,23,4.629363537,0.176470588,1,-1.702475786
27.40674157,32,3.898755074,0.2,1,-1.996866584
27.44843049,46,3.36568594,0.194444444,0,-2.538317442
27.4966443,49,4.11578083,0.189189189,0,-1.742706418
27.53125,43,4.067836761,0.210526316,1,-0.866444707
27.61024499,63,3.993206501,0.205128205,0,-1.040907025
27.58222222,15,4.503804684,0.225,1,-1.377885103
27.58536585,29,4.345780373,0.219512195,0,-2.43768549
27.57743363,24,4.573824883,0.214285714,0,-0.57556808
27.57174393,25,4.035137177,0.23255814,1,-0.746119916
27.57488987,29,3.522596121,0.227272727,0,-0.397853136
27.55824176,20,4.782519817,0.222222222,0,-0.608730197
27.60964912,51,3.793001413,0.239130435,1,-0.806573987
27.61487965,30,4.621524811,0,0,0.02747212
27.62882096,34,3.690304279,0,0,0.046475448
27.63398693,30,3.632115364,0,0,0.022129413
27.63695652,29,4.107226849,0,0,0.010859158
27.69631236,55,3.956150293,0,0,-0.008051105
27.68398268,22,4.811022282,0,0,-0.040476359
27.65658747,15,4.688874245,0,0,-0.052837431
27.69612069,46,3.846823454,0,0,-0.109449536
27.73763441,47,4.415271282,0,0,-0.165357769
27.70171674,11,3.140987158,0,0,-0.260497898
27.73447537,43,3.954011917,0,0,-0.340347707
27.7542735,37,3.809561491,0.090909091,1,-0.599948227
27.74413646,23,4.468660355,0.083333333,0,-0.699092567
27.73404255,23,4.546958447,0.076923077,0,-0.859690607
27.77707006,48,4.385068417,0.071428571,0,-0.865986288
27.75211864,16,4.177872181,0.133333333,1,-1.264829636
27.76109937,32,3.346255064,0.125,0,-1.472380877
27.74261603,19,4.244667053,0.117647059,0,-1.894835234
27.73684211,25,5.017076969,0.111111111,0,-1.489514589
27.75210084,35,4.023014545,0.105263158,0,-2.152843714
27.78197065,42,4.163415432,0.1,0,-1.953199625
27.76778243,21,4.357926369,0.095238095,0,-1.733841896
27.77244259,30,3.972634077,0.090909091,0,-1.552727103
27.75416667,19,3.981342316,0.086956522,0,-2.219535112
27.74844075,25,4.54237175,0.083333333,0,-0.841494441
27.73029046,19,4.273187637,0.08,0,-1.308090687
27.73706004,31,4.451714993,0.115384615,1,-1.155800223
27.77892562,48,4.445785522,0.111111111,0,-1.010798216
27.77113402,24,4.577991009,0.107142857,0,-0.807352424
27.8436214,63,3.923475742,0.103448276,0,-0.852826655
27.85215606,32,4.165038109,0.133333333,1,-1.009024143
27.86885246,36,4.034304619,0.161290323,1,-0.960944057
27.88548057,36,4.419820309,0.15625,0,-1.71647191
27.92040816,45,3.818175077,0.181818182,1,-1.267410636
27.95723014,46,4.339669228,0.176470588,0,-1.155607343
27.94105691,20,3.56630969,0.171428571,0,-1.145097136
27.96957404,42,4.623204708,0.166666667,0,-1.097013593
28.03238866,59,4.233380795,0.162162162,0,-1.380115747
28.07878788,51,4.388539314,0.157894737,0,-1.622829795
28.05846774,18,4.352044106,0.153846154,0,-1.61122036
28.06639839,32,4.4658885,0.15,0,-1.323582053
28.04216867,16,4.425906181,0.170731707,1,-1.466283321
28.10220441,58,3.407721281,0.166666667,0,-1.233149529
28.134,44,3.940419436,0.162790698,0,-1.603301764
28.14570858,34,4.849937916,0.159090909,0,-1.636056066
28.14342629,27,4.83168745,0.155555556,0,-1.550105691
28.15904573,36,3.792220592,0.152173913,0,-1.075309157
28.15873016,28,3.758909941,0.170212766,1,-0.963543594
28.15445545,26,4.812950611,0.1875,1,-0.938174307
28.22727273,65,3.79348588,0.204081633,1,-0.757727027
28.25246548,41,4.019171238,0.22,1,-0.555384755
28.31692913,61,3.872903585,0.254901961,2,-0.737667203
28.29862475,19,4.172930717,0.25,0,-1.162339687
28.31764706,38,3.764086008,0.283018868,2,-0.605528176
28.28375734,11,4.250373363,0.296296296,1,-1.03925693
28.3046875,39,3.625310183,0.309090909,1,-0.869519651
28.34307992,48,4.066736698,0.303571429,0,-1.377682328
28.36964981,42,4.262794971,0.315789474,1,-0.758140683
28.36699029,27,4.198587894,0.310344828,0,-0.470560431
28.42054264,56,3.550986528,0.305084746,0,-0.48547712
28.42166344,29,4.08616972,0.316666667,1,-0.58534348
28.42471042,30,4.528126717,0.31147541,0,-0.994714379
28.45472062,44,3.287270784,0.338709677,2,-0.825974882
28.47692308,40,3.446287394,0.349206349,1,-0.174252391
28.51055662,46,4.010857105,0.34375,0,-0.44307822
28.51149425,29,4.211907864,0.369230769,2,-0.778039515
28.49904398,22,4.014008999,0.363636364,0,-0.451731265
28.57442748,68,3.844892263,0.388059701,2,-0.758406818
28.57904762,31,4.403163433,0.382352941,0,-0.945975125
28.57794677,28,4.255544662,0.420289855,3,-0.738234937
28.59582543,38,4.132590294,0.414285714,0,-0.746323466
28.56818182,14,5.489950657,0.422535211,1,-0.843785107
28.52741021,7,3.827367067,0.458333333,3,-0.666827381
28.54716981,39,4.121856689,0.465753425,1,-0.183746412
28.52354049,16,4.786347389,0.472972973,1,-0.545712769
28.51503759,24,4.938482285,0.52,4,-0.256439567
28.51219512,27,3.981239319,0.526315789,1,-0.546370566
28.5411985,44,4.396317482,0.519480519,0,-0.561469376
28.5364486,26,4.114646435,0.538461538,2,-0.096488684
28.54850746,35,3.86248827,0.569620253,3,-0.456423074
28.59962756,56,3.83425045,0.5625,0,-0.54469651
28.60037175,29,4.36582613,0.555555556,0,-0.600381076
28.60111317,29,3.597681999,0.658536585,9,-0.406502038
28.6462963,53,4.033519745,0.674698795,2,-0.995365739
28.61737523,13,4.075067043,0.678571429,1,-1.488653898
28.60332103,21,4.748788834,0.670588235,0,-0.872200012
28.62615101,41,4.34610939,0.686046512,2,-0.671248436
28.63235294,32,4.165143967,0.712643678,3,-0.719162643
28.63302752,29,4.431498051,0.704545455,0,-0.749374866
28.65934066,43,4.019165516,0.696629213,0,-0.798393488
28.68190128,41,3.780261755,0.688888889,0,-0.566416085
28.70072993,39,3.82927084,0.681318681,0,-0.810632348
28.71220401,35,3.774706364,0.673913043,0,-0.568078279
28.67454545,8,2.59410429,0.698924731,3,-0.376869619
28.67876588,31,3.911220074,0.691489362,0,-0.911516249
28.69927536,40,3.842131615,0.684210526,0,-0.877209544
28.6925859,25,4.366099358,0.677083333,0,-0.23605977
28.6967509,31,4.84333849,0.670103093,0,-0.341416419
28.66846847,13,4.762503624,0.663265306,0,-0.809096932
28.68345324,37,4.166825771,0.656565657,0,-0.442919999
28.6929982,34,4.493968487,0.65,0,-0.714360774
28.66487455,13,3.502880812,0.663366337,2,-0.724614799
28.62611807,7,4.495305061,0.656862745,0,-0.771380126
28.61964286,25,4.902136803,0.660194175,1,-0.21407868
28.60606061,21,4.124052048,0.682692308,3,-0.496702701
28.62633452,40,3.98523283,0.695238095,2,-0.469356447
28.62877442,30,4.064596653,0.688679245,0,-0.288510025
28.60992908,18,3.886446238,0.682242991,0,-0.703721941
28.60884956,28,4.497688293,0.675925926,0,-0.610633016
28.63957597,46,3.38141036,0.669724771,0,-0.740705132
28.670194,46,4.050700188,0.672727273,1,-0.708407879
28.67077465,29,4.52116251,0.666666667,0,-0.211153805
28.67486819,31,4.640918732,0.660714286,0,-0.688617945
28.67017544,26,4.366975784,0.699115044,5,-0.495999247
28.69176883,41,3.949505806,0.710526316,2,-0.632350564
28.71153846,40,4.02392292,0.704347826,0,-0.572180569
28.7452007,48,4.75233078,0.698275862,0,-0.597390652
28.75958188,37,4.371157169,0.820512821,15,-0.220157161
28.7826087,42,4.266345024,0.838983051,3,-0.917470515
28.79340278,35,4.206610203,0.840336134,1,-0.38011235
28.80069324,33,3.769057512,0.833333333,0,-1.848340392
28.78373702,19,4.95059967,0.834710744,1,0.537400424
28.81519862,47,4.10184288,0.844262295,2,-1.674089432
28.7862069,12,5.131976128,0.861788618,3,-0.604552507
28.79518072,34,3.729683638,0.975806452,15,-0.852771044
28.80756014,36,4.161308289,1.008,5,-0.120958962
28.80789022,29,4.172120094,1.007936508,1,-1.204120517
28.82876712,41,3.323532104,1,0,-1.174360514
28.81367521,20,4.624914169,0.9921875,0,-1.051304698
28.78668942,13,4.430984974,0.984496124,0,-1.001044631
28.77342419,21,4.765105724,0.984615385,1,-0.978272855
28.76530612,24,4.157654762,1.091603053,15,-0.138450563
28.78268251,39,3.59787035,1.113636364,4,-0.723882675
28.77118644,22,4.527282238,1.218045113,15,-0.308852196
28.75803723,21,3.631425381,1.328358209,16,1.032595038
28.76858108,35,3.912652969,1.318518519,0,-1.100551844
28.74198988,13,4.453680515,1.352941176,6,-0.144215345
28.76094276,40,3.930060148,1.635036496,40,0.908190429
28.76134454,29,3.614238262,1.644927536,3,0.431732208
28.76510067,31,4.681819916,1.705035971,10,-0.213186607
28.73869347,13,3.894532442,1.942857143,35,0.404894441
28.71237458,13,4.369744301,1.936170213,1,1.546027303
28.70784641,26,4.48249054,2.042253521,17,0.696873486
28.69666667,22,3.863583326,2.118881119,13,1.001328468
28.71381032,39,4.128792763,2.284722222,26,1.902781963
28.75913621,56,3.681110859,2.365517241,14,1.928840995
28.7694859,35,4.490861416,2.5,22,2.387435675
28.78807947,40,4.175726414,2.653061224,25,1.80816412
28.77520661,21,3.898253918,2.851351351,32,2.711209059
28.80363036,46,3.645376921,3.046979866,32,2.16685462
28.815486,36,4.492621422,3.266666667,36,2.397267818
28.84210526,45,3.829342842,3.350993377,16,2.72338438
28.90147783,65,3.265100241,3.434210526,16,2.329733133
28.90655738,32,4.492638111,3.620915033,32,2.276639938
28.8903437,19,4.529679298,3.655844156,9,2.169846296
28.89542484,32,4.408350945,3.729032258,15,1.967454791
28.9004894,32,4.038113117,3.891025641,29,1.737056375
28.9218241,42,4.015275002,4.095541401,36,2.246890068
28.92195122,29,3.960681438,4.32278481,40,1.902577877
28.94805195,45,3.899838448,4.490566038,31,2.06250906
28.96110211,37,4.017083645,4.7625,48,2.419521093
28.99352751,49,4.388277054,4.869565217,22,2.183372736
28.98707593,25,4.257715225,4.938271605,16,2.89796257
28.99516129,34,4.852429867,5.141104294,38,2.442429066
28.9726248,15,4.263597965,5.274390244,27,2.599658728
28.98874598,39,3.709306955,5.436363636,32,2.451695919
29.00802568,41,5.047027111,5.698795181,49,3.00318718
29.00160256,25,4.570674896,5.850299401,31,2.63537097
28.984,18,4.367228985,5.875,10,2.450134516
28.98722045,31,4.141279697,6.076923077,40,2.390679598
29.00956938,43,4.392265797,6.247058824,35,2.88047719
29.06528662,64,3.443544388,6.274853801,11,2.237205267
29.10174881,52,4.137059689,6.453488372,37,1.917546153
29.14126984,54,4.164095879,6.514450867,17,2.174530745
29.13946117,28,4.245686054,6.66091954,32,2.18164134
29.1471519,34,4.292815685,6.771428571,26,1.961791039
29.15955766,37,4.26771307,6.971590909,42,2.312650442
29.19716088,53,3.919510603,7.146892655,38,1.979684949
29.19527559,28,3.252938747,7.297752809,34,2.408302546
29.21855346,44,4.199353218,7.508379888,45,2.104969025
29.21507064,27,4.35971117,7.677777778,38,2.421379566
29.19749216,18,3.592190981,7.723756906,16,1.937166572
29.20344288,33,3.936673403,7.868131868,34,2.334812403
29.2453125,56,4.361055851,7.945355191,22,2.086946249
29.27769111,50,3.667285681,8.059782609,29,2.59497261
29.30685358,48,4.142627239,8.12972973,21,2.675619364
29.30015552,25,4.08086729,8.295698925,39,2.768485069
29.28571429,20,3.685737133,8.395721925,27,2.451310635
29.31162791,46,4.292542934,8.462765957,21,3.520404816
29.27863777,8,4.597201347,8.603174603,35,1.988277912
29.27357032,26,4.280328751,8.7,27,2.289464235
29.28240741,35,4.534850121,8.848167539,37,2.528798819
29.2742681,24,4.514957905,8.958333333,30,2.308637857
29.30307692,48,3.851261139,9.067357513,30,2.733933926
29.31336406,36,4.440310955,9.18556701,32,2.561664581
29.34355828,49,4.151485443,9.328205128,37,2.761407137
29.3568147,38,3.796626091,9.433673469,30,2.417915106
29.35626911,29,4.245939255,9.543147208,31,2.425520658
29.37251908,40,4.153260708,9.727272727,46,2.891665697
29.3597561,21,3.955682039,9.844221106,33,2.604063034
29.37442922,39,4.446239948,10.01,43,2.578278542
29.37841945,32,3.977811813,10.23880597,56,2.135321617
29.37025797,24,3.649261236,10.35148515,33,3.023076057
29.41212121,57,4.406927109,10.44827586,30,2.500773907
29.40695915,26,4.205653191,10.61764706,45,2.850748777
29.40332326,27,4.414964199,10.71707317,31,2.754990816
29.39366516,23,4.249462128,10.89805825,48,2.542314053
29.38253012,22,4.722629547,11.01932367,36,2.928390265
29.34887218,7,3.036210299,11.15865385,40,2.79577899
29.35435435,33,4.570447922,11.23444976,27,3.467690706
29.34332834,22,4.813203812,11.37619048,41,2.770500422
29.36377246,43,4.310906887,11.40758294,18,2.498698473
29.38863976,46,3.637707472,11.43396226,17,3.311157703
29.40298507,39,4.246961594,11.68075117,64,2.273554087
29.37704918,12,4.028687477,11.70560748,17,2.778896809
29.38541667,35,4.006078243,11.82790698,38,3.107764006
29.41604755,50,4.080800533,12.0462963,59,2.709862232
29.42433234,35,3.923210144,12.25345622,57,2.011461496
29.43555556,37,4.215183258,12.30275229,23,3.050920248
29.42011834,19,3.70377636,12.39269406,32,3.671385527
29.4549483,53,3.96281004,12.50909091,38,2.402998209
29.48820059,52,4.459759235,12.73755656,63,2.614536762
29.47864507,23,4.424236774,12.71171171,7,2.785540342
29.50147059,45,3.656272888,12.76233184,24,2.673637152
29.50660793,33,4.107052326,12.85714286,34,2.520599127
29.49560117,22,3.843946934,12.88888889,20,3.033908367
29.52122987,47,3.855164766,13.04424779,48,2.397439957
29.5497076,49,3.94397378,13.11453744,29,2.558989048
29.58978102,57,4.050456047,13.24561404,43,2.784327745
29.59620991,34,4.343506813,13.30131004,26,2.464417458
29.61717613,44,3.689259768,13.49565217,58,3.003415346
29.65552326,56,4.372716427,13.59307359,36,2.547760725
29.64005806,19,4.64587307,13.65086207,27,2.971088171
29.61594203,13,4.26028204,13.77253219,42,2.712214947
29.62083936,33,4.934702873,13.78632479,17,2.893734932
29.64884393,49,4.039273262,13.87234043,34,3.10412097
29.63492063,20,4.195349693,13.91101695,23,2.970047712
29.63832853,32,3.262774229,13.9535865,24,3.140548944
29.65467626,41,3.136429071,14.03361345,33,2.18168664
29.70545977,65,3.557828903,14.05439331,19,2.700328588
29.7374462,52,3.814574957,14.07916667,20,1.981886864
29.71776504,16,4.661621571,14.26970954,60,2.6523242
29.74678112,50,3.828883886,14.45867769,60,2.694826603
29.75142857,33,4.167787552,14.49382716,23,3.098633289
29.75891583,35,4.390429497,14.56147541,31,2.359399557
29.72792023,8,4.471823215,14.59591837,23,3.37906909
29.71123755,18,3.842494488,14.66666667,32,2.667200804
29.69460227,18,5.088057518,14.74493927,34,2.565448284
29.70638298,38,4.568459988,14.77016129,21,2.073523998
29.70679887,30,4.143682003,14.77108434,15,3.175049543
29.73408769,49,4.030888081,14.78,17,2.18253231
29.73587571,31,4.74689436,14.87649402,39,2.464782476
29.76163611,48,4.322494507,15.00396825,47,2.828496695
29.74788732,20,4.39954567,15.01976285,19,2.840538263
29.77355837,48,3.544813395,15.03149606,18,3.327142954
29.77247191,29,3.87579298,15.00784314,9,3.018462181
29.78681627,40,4.1708951,15.13671875,48,2.886607885
29.78571429,29,3.817580938,15.19066148,29,2.811783314
29.78321678,28,3.897902489,15.36046512,59,2.734850407
29.81843575,55,3.804328203,15.42084942,31,2.86181283
29.82287308,33,4.395560741,15.5,36,2.737969398
29.85793872,55,3.772872925,15.57854406,36,3.187329292
29.87482615,42,4.755145073,15.68320611,43,2.389101744
29.86388889,22,4.113753319,15.89353612,71,2.856219053
29.84882108,19,3.910546303,15.88636364,14,2.382236719
29.8767313,50,4.045045376,15.91320755,23,2.425847292
29.87136929,26,4.306713581,15.97744361,33,2.862778187
29.85220994,16,4.494024277,16.06367041,39,2.673597813
29.84137931,22,3.90986228,16.14179104,37,3.385389805
29.82231405,16,3.905562878,16.17843866,26,3.1987257
29.82393398,31,4.475829124,16.2962963,48,2.733296156
29.82692308,32,3.565217257,16.33210332,26,2.878883839
29.80658436,15,3.261535406,16.37132353,27,2.310723782
29.76986301,3,3.206875324,16.37728938,18,3.528683662
29.76060192,23,3.943924427,16.45255474,37,2.844750881
29.78688525,49,3.790894747,16.51636364,34,2.554142714
29.79399727,35,3.646984816,16.52173913,18,2.979524136
29.77792916,18,4.425927639,16.55234657,25,2.968180418
29.79047619,39,3.634147167,16.51798561,7,1.641701937
29.76766304,13,4.887386799,16.55197133,26,3.073522091
29.75848033,23,4.194968224,16.62142857,36,2.460607052
29.79403794,56,3.642502069,16.69395018,37,3.439683437
29.76860622,11,3.206521511,16.75531915,34,2.89688158
29.79054054,46,4.254453182,16.85159011,44,3.10695219
29.77462888,18,4.436441422,16.89084507,28,3.381857395
29.76415094,22,3.756778955,16.94035088,31,2.986082077
29.79542396,53,3.525285959,16.96503497,24,2.759263992
29.76747312,9,4.01266861,16.9825784,22,2.144564629
29.76241611,26,4.122537136,17.13194444,60,2.496626139
29.76273458,30,3.976787329,17.1799308,31,2.423823833
29.74029451,13,4.290051937,17.22758621,31,3.233865023
29.73262032,24,4.154691219,17.20618557,11,2.087376833
29.74632844,40,3.783000946,17.29452055,43,2.241131067
29.72933333,17,3.980328083,17.30375427,20,3.28141284
29.73635153,35,3.465330839,17.2755102,9,2.765287399
29.74335106,35,3.583937168,17.2779661,18,3.615734816
29.73439575,23,4.210131168,17.30067568,24,2.692097425
29.71485411,15,3.822846889,17.38383838,42,3.131708384
29.72450331,37,4.130626202,17.51342282,56,2.876450539
29.74470899,45,3.77071476,17.59197324,41,2.853644609
29.72258917,13,4.410200119,17.73666667,61,2.654285192
29.72559367,32,4.211764812,17.72757475,15,3.028897762
29.72068511,26,4.172924995,17.82450331,47,2.623116732
29.75789474,58,3.808640003,17.89438944,39,2.889432907
29.74638633,21,3.481351137,17.89802632,19,3.330837965
29.77427822,51,4.686882019,17.89180328,16,3.437786818
29.78636959,39,4.246365547,17.9379085,32,2.129844189
29.81020942,48,4.155079842,17.91856678,12,3.834007263
29.78954248,14,3.829850912,18.02272727,50,2.565049887
29.78720627,28,4.080154896,18.05825243,29,2.554696083
29.77444589,20,4.687994003,18.09354839,29,3.046276093
29.76953125,26,3.822904825,18.20578778,53,2.327311277
29.75422627,18,4.773774147,18.28525641,43,2.706722975
29.74675325,24,3.881257296,18.29073482,20,3.199581861
29.74967575,32,4.604399681,18.34076433,34,2.698057413
29.77590674,50,3.546815634,18.38095238,31,2.590675592
29.78007762,33,3.665161133,18.38291139,19,2.571287155
29.76744186,20,5.121723175,18.4384858,36,2.772320747
29.79096774,48,2.81870985,18.53144654,48,3.375085115
29.84536082,72,3.337424278,18.60501567,42,2.786120415
29.88545689,61,3.732608795,18.69375,47,2.559430599
29.86118252,11,4.060743332,18.65109034,5,2.527117491
29.85622593,26,3.828999043,18.67080745,25,3.102301598
29.84358974,20,4.401612759,18.68421053,23,2.595788717
29.86043534,43,4.175878525,18.70987654,27,2.773185492
29.89130435,54,3.43652916,18.67692308,8,3.164280176
29.90293742,39,3.889090776,18.72392638,34,3.132053375
29.89668367,25,3.507147312,18.73088685,21,2.187105417
29.90318471,35,3.878675461,18.80792683,44,2.387254477
29.89440204,23,4.286232471,18.81762918,22,2.730287075
29.9021601,36,4.245153427,18.82727273,22,2.908474445
29.89720812,26,4.76938343,18.82175227,17,3.050084352
29.87198986,10,3.882789612,18.92168675,52,2.847542524
29.88987342,44,3.723206758,18.93393393,23,3.002561092
29.89633375,35,3.952554941,18.9491018,24,2.777390957
29.90277778,35,4.462992668,18.99701493,35,3.186104059
29.92686003,49,3.797588825,19.07142857,44,2.446050406
29.91687657,22,4.348798275,19.10682493,31,2.670305014
29.94591195,53,3.944862127,19.14792899,33,3.115537167
29.9660804,46,3.873283386,19.21533923,42,3.058640242
29.95483061,21,3.715512037,19.22352941,22,3.603435278
29.96867168,41,4.18545723,19.28152493,39,3.773131847
29.97121402,32,4.299616337,19.3128655,30,3.129673243
29.995,49,4.245769501,19.33527697,27,2.66118598
29.99625468,31,3.815799475,19.39244186,39,2.887276411
29.99002494,25,4.431194305,19.39130435,19,2.746866941
29.99875467,37,4.294151783,19.41040462,26,2.700100899
30.02114428,48,3.74072957,19.45533141,35,2.671699762
30.06086957,62,3.869133711,19.6091954,73,2.535781145
30.04342432,16,3.088485003,19.59598854,15,3.16607213
30.0582404,42,3.844547033,19.61428571,26,2.94565177
30.05940594,31,4.820165157,19.62393162,23,2.679348946
30.04449938,18,4.444777012,19.71590909,52,2.769607306
30.0345679,22,4.185394764,19.75070822,32,2.627531052
30.02096178,19,3.846263647,19.83615819,50,2.558514833
30.01847291,28,3.627284527,19.85915493,28,2.814623117
30.02706027,37,4.400439739,19.88764045,30,2.736995697
30.02579853,29,3.928479671,19.93557423,37,3.098437548
30,9,3.521696806,19.91899441,14,3.345275879
29.98529412,18,3.505092621,19.9637883,36,3.190565586
29.97062424,18,4.345479012,20.00277778,34,3.275428772
29.98655257,43,4.257361889,20.04432133,35,2.924681187
29.97557998,21,4.528499603,20.11325967,45,3.06277585
29.9695122,25,3.866113186,20.20661157,54,2.853395462
29.96467722,26,3.984505177,20.2032967,19,3.148131132
29.98783455,49,3.242932081,20.2109589,23,3.588044405
29.98663426,29,4.410674572,20.22404372,25,2.930552006
29.96601942,13,3.90052557,20.3133515,53,3.206624985
29.97818182,40,3.710434437,20.31521739,21,2.766076565
29.968523,22,4.794230461,20.33604336,28,3.386697054
29.99032648,48,4.446613789,20.36216216,30,3.097318411
29.98792271,28,4.259230614,20.43126685,46,2.70558095
30.01085645,49,3.585640192,20.4516129,28,2.644414186
30.02289157,40,3.895808458,20.45576408,22,3.218214273
30.02045728,28,4.266910553,20.55080214,56,2.665790558
30.02283654,32,4.215954781,20.584,33,3.406334162
30.01680672,25,3.470021248,20.59574468,25,3.706091881
30.03357314,44,4.320063591,20.63395225,35,2.776983976
30.04311377,38,4.059641361,20.64021164,23,2.452044249
30.06220096,46,4.331741333,20.66754617,31,3.147755384
30.08482676,49,4.562193394,20.73157895,45,2.34799242
30.08711217,32,4.880563259,20.76902887,35,2.924178839
30.10846246,48,4.619692802,20.85602094,54,2.455603123
30.11666667,37,3.933285952,20.93472585,51,2.688904524
30.12722949,39,3.974629402,20.9375,22,3.302203894
30.13301663,35,4.607247353,20.94805195,25,2.652304173
30.13879004,35,4.14253521,21.02590674,51,2.991749525
30.1528436,42,3.900993109,21.08010336,42,2.63716197
30.16804734,43,3.985731363,21.10051546,29,2.95085144
30.1713948,33,4.353336811,21.15681234,43,2.308052301
30.16883117,28,4.054562569,21.18461538,32,2.635087967
30.17216981,33,4.133369446,21.18670077,22,2.949759245
30.18256773,39,4.265391827,21.23469388,40,3.341485023
30.17529412,24,4.079275608,21.23664122,22,3.034024715
30.15628672,14,4.35418129,21.2715736,35,2.492532492
30.17253521,44,3.620687008,21.2835443,26,1.603991985
30.1887456,44,4.461561203,21.30555556,30,2.608813047
30.19789227,38,4.546852112,21.41561713,65,2.628862381
30.22339181,52,3.973828554,21.47487437,45,2.581655025
30.23481308,40,4.696526051,21.52130326,40,3.272186518
30.2252042,22,4.542246819,21.55,33,2.905958176
30.22610723,31,3.826103449,21.58603491,36,2.338968515
30.23981374,42,4.295732021,21.64179104,44,3.140562057
30.22674419,19,3.83419919,21.6674938,32,3.193163633
30.20673635,13,5.12409687,21.71534653,41,2.510412931
30.1937355,19,3.969349384,21.74567901,34,2.906440735
30.20162225,37,3.341300011,21.74384236,21,2.594834089
30.22453704,50,3.78668952,21.74447174,22,2.914257765
30.2265896,32,3.741294146,21.78431373,38,3.223124266
30.25057737,51,4.316007614,21.79706601,27,3.045766354
30.25490196,34,3.897298574,21.81463415,29,3.088411331
30.25806452,33,4.298341274,21.86374696,42,2.019269705
30.27387802,44,3.970876455,21.87135922,25,2.676131248
30.26896552,26,5.00011301,21.9031477,35,2.58942914
30.26980482,31,3.963337183,21.87198068,9,2.91093421
30.28440367,43,3.594955683,21.83614458,7,2.762577295
30.27949599,26,4.271903515,21.79567308,5,3.995235443
30.30549199,53,4.197906017,21.78896882,19,2.927341223
30.31771429,41,4.656504631,21.8492823,47,3.163606644
30.33219178,43,4.501186848,21.86634845,29,2.770454407
30.32383124,23,3.716139793,21.92619048,47,2.497898817
30.33712984,42,4.669116497,21.99287411,50,3.131452322
30.36632537,56,4.04417944,22.00236967,26,2.857052803
30.36704545,31,4.748950958,22.03782506,37,3.298273087
30.35641317,21,4.592918396,22.12264151,58,2.748410702
30.40362812,72,3.850392342,22.15764706,37,2.812674046
30.40430351,31,3.491235971,22.18544601,34,3.025162935
30.39366516,21,3.374711514,22.20608899,31,2.931562185
30.3819209,20,4.083674431,22.25934579,45,2.910112858
30.39841986,45,3.614095449,22.27272727,28,3.35521102
30.41037204,41,3.657621145,22.31860465,42,2.841106176
30.40540541,26,4.520843983,22.38515081,51,2.691862822
30.39820022,24,4.70348978,22.43055556,42,2.8398633
30.39213483,25,4.289855957,22.48498845,46,2.43947196
30.44219978,75,3.355575323,22.50921659,33,3.320130587
30.44730942,35,4.454069614,22.53333333,33,2.802241564
30.44008959,24,4.400308609,22.58256881,44,2.755770683
30.46644295,54,3.901225567,22.61327231,36,3.333747149
30.47597765,39,4.468117714,22.64611872,37,3.002758026
30.46875,24,3.370430946,22.66287016,30,3.307523012
30.47268673,34,3.866684198,22.71136364,44,2.893384933
30.47438753,32,4.262491703,22.76417234,46,2.545170784
30.48053393,36,3.550060034,22.82352941,49,2.648500919
30.49222222,41,3.87460041,22.85553047,37,3.11699295
30.51165372,48,3.936582565,22.83783784,15,2.799714088
30.51995565,38,4.556898594,22.85842697,32,2.452089787
30.55149502,59,3.93178606,22.85201794,20,2.608506441
30.5619469,40,4.188971996,22.82550336,11,3.03187561
30.58563536,52,4.143614292,22.86607143,41,2.875805855
30.59602649,40,3.745328903,22.89755011,37,2.876290798
30.6030871,37,4.072695255,22.93777778,41,2.52762866
30.61123348,38,4.3913908,22.94456763,26,3.015331507
30.63036304,48,3.732597113,22.98672566,42,2.555986404
30.62197802,23,4.30548954,23.00441501,31,3.086146832
30.62349067,32,4.312129498,23.0814978,58,2.670751572
30.62719298,34,4.364731789,23.10549451,34,2.875020504
30.66922234,69,4.424800873,23.10087719,21,2.490848303
30.68052516,41,3.723355532,23.12253829,33,3.675842047
30.6852459,35,4.349887848,23.12663755,25,3.551831961
30.68231441,28,4.543681145,23.09150327,7,3.296325445
30.68266085,31,4.59804821,23.08695652,21,3.285559654
30.69607843,43,3.453711987,23.12364425,40,2.870637178
30.69205658,27,3.806579113,23.15151515,36,3.284702301
30.70434783,42,4.201150417,23.18142549,37,2.64682126
30.73615635,60,4.20800066,23.19396552,29,2.672648907
30.75813449,51,4.042665005,23.21290323,32,2.522288561
30.7616468,34,5.022850037,23.24463519,38,2.834957123
30.77922078,47,4.368951321,23.26766595,34,2.772453308
30.77405405,26,4.364622116,23.31623932,46,3.080977917
30.76133909,19,4.378410339,23.32622601,28,3.38953352
30.78209277,50,4.480768204,23.36808511,43,2.731642485
30.76508621,15,4.493101597,23.38428875,31,3.59813714
30.76103337,27,4.681829929,23.38983051,26,3.232653141
30.76666667,36,4.265963554,23.39323467,25,2.901738644
30.7755102,39,4.478281498,23.44303797,47,2.864688873
30.78648069,41,3.596627235,23.42736842,16,3.438880205
30.81243301,55,3.917123556,23.43277311,26,3.038555145
30.83297645,50,3.67655611,23.43815514,26,3.108897924
30.85882353,55,4.007853031,23.4623431,35,2.936998129
30.87820513,49,3.622225761,23.43841336,12,2.752693892
30.89754536,49,4.214470387,23.44583333,27,3.324568987
30.90831557,41,4.749055386,23.5010395,50,2.953294992
30.9286475,50,3.781165838,23.49585062,21,2.485195875
30.9287234,31,3.564718723,23.48033126,16,3.491153955
30.96705632,67,4.038614273,23.48347107,25,2.671115875
30.96390658,28,3.659827232,23.50103093,32,2.583130836
30.95970308,27,4.360215187,23.54320988,44,2.659831047
30.96610169,37,4.26269722,23.53593429,20,2.523276091
30.98306878,47,4.044012547,23.56762295,39,3.179825068
30.98097252,29,4.881260872,23.58691207,33,3.081063747
30.98310454,33,3.732727528,23.57346939,17,3.14662528
31.00632911,53,3.627901077,23.58248473,28,2.996221066
30.99894626,24,4.692224979,23.60365854,34,3.178790092
30.99473684,27,4.614531994,23.62880325,36,2.679816723
30.99894848,35,4.524848461,23.66801619,43,3.418873787
30.99054622,23,4.214079857,23.72121212,50,2.794883728
31.00104932,41,3.897795677,23.76814516,47,2.684326887
30.9884696,19,4.498566628,23.80080483,40,2.720222235
31.00418848,46,4.684571743,23.78915663,18,3.161197662
31.00627615,33,3.808037758,23.76152305,10,3.928236961
30.99164054,17,4.045488834,23.774,30,3.010151148
30.98851775,28,3.855257988,23.76447106,19,3.646229506
30.98957247,32,4.149809361,23.79681275,40,3.271009207
30.98645833,28,4.289566994,23.84493042,48,2.711812496
30.98959417,34,4.135931969,23.84920635,26,3.0274055
31.01351351,54,3.741148949,23.81188119,5,3.069194794
31.01869159,36,4.045336246,23.87351779,55,2.85063076
31.01037344,23,3.861646175,23.89546351,35,2.571254492
31.03005181,50,3.790655375,23.91338583,33,3.283319473
31.04140787,42,4.312603474,23.96070727,48,1.906791925
31.04446743,34,4.418919086,24.03921569,64,1.572866559
31.05061983,37,3.198173285,24.07632094,43,2.977310896
31.05366357,34,4.062629223,24.08007813,26,2.705387354
31.05670103,34,3.914362192,24.13840156,54,2.657670498
31.04840371,23,4.809062958,24.14007782,25,3.481491327
31.05349794,36,4.921285629,24.1592233,34,2.59172678
31.04008222,18,3.067231894,24.2248062,58,2.213536501
31.04004107,31,4.640782356,24.2205029,22,2.372277498
31.04410256,35,4.161918163,24.24710425,38,3.27071929
31.0420082,29,4.946581364,24.2716763,37,2.706224918
31.03684749,26,4.533716202,24.35961538,70,2.800208569
31.0204499,15,4.395078182,24.37428023,32,3.306805134
31.0081716,19,4.011784554,24.36781609,21,3.466415882
31.02346939,46,3.599167347,24.36328872,22,2.641946316
31.02956167,37,4.094739914,24.38740458,37,2.535344362
31.03360489,35,3.715671539,24.38285714,22,2.732698441
31.0671414,64,3.615788698,24.3973384,32,3.170428991
31.05792683,22,4.111876965,24.39658444,24,2.981132269
31.07005076,43,3.921788931,24.39772727,25,2.508300781
31.05882353,20,3.309805155,24.44612476,50,2.919768095
31.04761905,20,4.571939945,24.43207547,17,2.950921774
31.03238866,16,3.99024725,24.43314501,25,2.845317125
31.05561173,54,3.244019032,24.45864662,38,2.841666222
31.06161616,37,3.852406502,24.48592871,39,3.313309908
31.09586276,65,3.386083841,24.52434457,45,2.756313086
31.08568548,21,4.389904022,24.51401869,19,3.236302376
31.09869084,44,4.114393711,24.52238806,29,3.055241346
31.08551308,18,4.042470455,24.5027933,14,2.66432476
31.08643216,32,4.839072704,24.48141264,13,2.968932629
31.06124498,6,4.025752068,24.49721707,33,2.597028732
31.05015045,20,4.659451962,24.47777778,14,2.181856394
31.05811623,39,3.725940943,24.49168207,32,3.34083128
31.07107107,44,3.881967783,24.53321033,47,3.014668703
31.065,25,3.793507576,24.5359116,26,3.349067688
,,,24.55882353,37,3.300206184
,,,24.5559633,23,3.021962166
,,,24.58608059,41,2.741148949
,,,24.59414991,29,2.578972101
,,,24.5729927,13,2.833387852
,,,24.59380692,36,2.947902203
,,,24.61454545,36,3.351425409
,,,24.62794918,32,3.081516504
,,,24.60688406,13,3.627148867
,,,24.65822785,53,2.759008169
,,,24.64620939,18,2.620666504
,,,24.65585586,30,2.80493784
,,,24.6528777,23,3.18255949
,,,24.64452424,20,3.345114946
,,,24.69713262,54,2.62983036
,,,24.69946333,26,3.551866531
,,,24.70178571,26,2.854700089
,,,24.72727273,39,3.259208441
,,,24.7633452,45,2.900250673
,,,24.78507993,37,2.909932375
,,,24.81560284,42,2.93444252
,,,24.79115044,11,2.95636797
,,,24.80212014,31,2.5595963
,,,24.82010582,35,2.574800491
,,,24.82922535,30,3.684428453
,,,24.84534271,34,3.601815462
,,,24.85087719,28,3.086037397
,,,24.8704028,36,3.165467978
,,,24.91958042,53,2.718807697
,,,24.93193717,32,2.422564983
,,,24.96167247,42,3.457091808
,,,24.97913043,35,2.862934589
,,,25.00520833,40,2.534104586
,,,24.99480069,19,1.945646882
,,,25.00692042,32,2.239269495
,,,25.04317789,46,2.627165794
,,,25.03793103,22,3.75977397
,,,25.06884682,43,3.051195621
,,,25.04982818,14,2.992605448
,,,25.09433962,51,2.677529812
,,,25.09246575,24,3.316777229
,,,25.11965812,41,2.726663589
,,,25.14675768,41,3.491815567
,,,25.19591141,54,2.650146246
,,,25.19387755,24,3.190421104
,,,25.23429542,49,3.187417746
,,,25.23220339,24,3.076893806
,,,25.23350254,26,2.870323896
,,,25.2347973,26,3.021027803
,,,25.26306914,42,2.868515015
,,,25.29124579,42,2.361941099
,,,25.32436975,45,2.935538054
,,,25.33892617,34,2.624634743
,,,25.36348409,40,3.487059593
,,,25.36789298,28,3.097319126
,,,25.37395659,29,3.31241107
,,,25.385,32,3.116634369
,,,25.38602329,26,2.928220749
,,,25.41860465,45,2.905785799
,,,25.48756219,67,1.806127667
,,,25.51655629,43,3.233555555
,,,25.5553719,49,2.962151051
,,,25.56435644,31,2.826268435
,,,25.58978583,41,2.342164516
,,,25.58059211,20,3.357578516
,,,25.55172414,8,3.72390461
,,,25.59016393,49,2.841100931
,,,25.61538462,41,3.002830505
,,,25.63071895,35,2.008666277
,,,25.63458401,28,3.279194355
,,,25.64820847,34,3.30427146
,,,25.65365854,29,3.117385864
,,,25.65422078,26,3.051027298
,,,25.66126418,30,2.913140774
,,,25.66019417,25,3.280584812
,,,25.67043619,32,2.383920908
,,,25.68548387,35,2.908381701
,,,25.68115942,23,2.17738533
,,,25.68167203,26,2.969815731
,,,25.66131621,13,2.929776907
,,,25.66025641,25,3.252891541
,,,25.6432,15,3.133179426
,,,25.6629393,38,2.45478797
,,,25.70015949,49,3.127234936
,,,25.68949045,19,3.323785543
,,,25.68680445,24,2.819639444
,,,25.68412698,24,3.157804966
,,,25.68779715,28,3.620136499
,,,25.70886076,39,2.544137001
,,,25.71406003,29,3.069052696
,,,25.72239748,31,2.469400167
,,,25.72283465,26,3.264906883
,,,25.71069182,18,3.425554991
,,,25.72527473,35,2.906207323
,,,25.7460815,39,3.065120935
,,,25.74647887,26,2.837205648
,,,25.753125,30,2.929565668
,,,25.77847114,42,2.604186058
,,,25.78504673,30,2.984735727
,,,25.76982893,16,2.675468922
,,,25.76242236,21,3.394779921
,,,25.7751938,34,2.64336133
,,,25.77399381,25,2.935277224
,,,25.75734158,15,2.19039011
,,,25.74691358,19,2.756373644
,,,25.73343606,17,2.779172421
,,,25.74153846,31,3.114139318
,,,25.77265745,46,2.878189087
,,,25.8006135,44,3.009414911
,,,25.79938744,25,3.101776361
,,,25.81192661,34,2.931348085
,,,25.80916031,24,3.210377932
,,,25.8277439,38,3.191958189
,,,25.84931507,40,2.830269575
,,,25.83738602,18,2.606725454
,,,25.84977238,34,2.526174784
,,,25.83939394,19,2.511812687
,,,25.84266263,28,2.922744274
,,,25.88519637,54,2.665322781
,,,25.88989442,29,2.815098763
,,,25.87951807,19,3.05181241
,,,25.9112782,47,2.350420713
,,,25.92192192,33,3.374119759
,,,25.92653673,29,2.775203943
,,,25.9505988,42,3.333120823
,,,25.95665172,30,3.041974545
,,,25.96268657,30,2.541200876
,,,25.97466468,34,2.827675819
,,,25.99404762,39,2.746946335
,,,26.02080238,44,3.128036499
,,,26.0148368,22,4.00260973
,,,26.04148148,44,2.755083561
,,,26.04289941,27,3.079493523
,,,26.05760709,36,2.867617369
,,,26.07079646,35,2.504063129
,,,26.05301915,14,2.837560415
,,,26.04852941,23,3.8002491
,,,26.06461087,37,2.218839884
,,,26.08357771,39,2.813324213
,,,26.09516837,34,2.749232769
,,,26.0877193,21,2.734323978
,,,26.10364964,37,3.05614233
,,,26.13411079,47,2.865073204
,,,26.16739447,49,3.021945238
,,,26.18313953,37,2.050890446
,,,26.22206096,53,3.022872448
,,,26.23768116,37,3.48868084
,,,26.21562952,11,3.725558519
,,,26.22543353,33,3.091610432
,,,26.21212121,17,2.134117603
,,,26.20028818,18,3.260167122
,,,26.25323741,63,2.304464817
,,,26.24281609,19,2.898253918
,,,26.2338594,20,3.133075237
,,,26.23782235,29,2.911005259
,,,26.25035765,35,2.470674753
,,,26.28571429,51,2.555983305
,,,26.28958631,29,2.48970437
,,,26.29487179,30,2.898808002
,,,26.34708393,63,2.811740398
,,,26.36647727,40,3.314419985
,,,26.34751773,13,2.77176404
,,,26.34985836,28,3.627112389
,,,26.37906648,47,3.076332092
,,,26.39971751,41,2.779735327
,,,26.41184767,35,3.325576544
,,,26.43239437,41,3.204290867
,,,26.41772152,16,3.077698946
,,,26.44803371,48,3.155148983
,,,26.44179523,22,3.024590969
,,,26.42577031,15,3.925971746
,,,26.42237762,24,2.796518087
,,,26.45670391,51,2.91947937
,,,26.48675035,48,2.308204651
,,,26.49721448,34,3.049862385
,,,26.49374131,24,2.508445263
,,,26.525,49,3.030062437
,,,26.5520111,46,2.798640013
,,,26.55263158,27,2.695432425
,,,26.59059474,54,3.043995619
,,,26.58149171,20,2.182066441
,,,26.57655172,23,3.451514006
,,,26.59917355,43,2.597869158
,,,26.58596974,17,2.59193325
,,,26.57417582,18,4.072297096
,,,26.59670782,43,2.498039484
,,,26.60821918,35,3.484018087
,,,26.59097127,14,3.99065876
,,,26.62021858,48,3.005239964
,,,26.62210095,28,3.069086075
,,,26.60217984,12,2.914425373
,,,26.5755102,7,3.105592728
,,,26.58559783,34,2.83622241
,,,26.5834464,25,3.239000082
,,,26.58130081,25,2.990276814
,,,26.57510149,22,2.657331944
,,,26.59324324,40,2.310132742
,,,26.58839406,23,2.474289894
,,,26.57412399,16,2.629682779
,,,26.58411844,34,2.427260637
,,,26.6061828,43,3.153328419
,,,26.63087248,45,2.806246758
,,,26.64879357,40,2.464090109
,,,26.69076305,58,2.817125559
,,,26.71122995,42,3.02401948
,,,26.75033378,56,2.527700663
,,,26.75466667,30,3.1006248
,,,26.77629827,43,3.344845295
,,,26.78324468,32,2.93441987
,,,26.77423639,20,2.506266594
,,,26.79708223,44,2.77943635
,,,26.8,29,2.586618662
,,,26.76984127,4,2.034932375
,,,26.77675033,32,2.756467819
,,,26.77044855,22,3.093694687
,,,26.7654809,23,3.082843781
,,,26.76052632,23,2.747321367
,,,26.75821288,25,3.176897287
,,,26.77821522,42,2.957501411
,,,26.78112713,29,3.302079201
,,,26.79712042,39,3.256299973
,,,26.8248366,48,2.414792299
,,,26.82375979,26,3.293019056
,,,26.83963494,39,3.060053587
,,,26.86848958,49,3.134374857
,,,26.8426528,7,2.321769953
,,,26.85714286,38,2.41208744
,,,26.87937743,44,3.162129164
,,,26.87564767,24,3.030482054
,,,26.89133247,39,2.790287495
,,,26.9005168,34,3.023744106
,,,26.90322581,29,2.791116476
,,,26.92912371,47,2.772705793
,,,26.93951094,35,2.621213913
,,,26.92030848,12,2.718611002
,,,26.90629012,16,3.182454348
,,,26.91538462,34,3.170921803
,,,26.94494238,50,3.045526981
,,,26.95140665,32,3.401020527
,,,26.95274585,28,2.505279064
,,,26.96045918,33,3.508226871
,,,26.94522293,15,3.805608511
,,,26.93256997,17,3.086127043
,,,26.93011436,25,2.652459621
,,,26.94162437,36,2.327679396
,,,26.94803549,32,3.167206526
,,,26.96835443,43,2.126948833
,,,26.9608091,21,2.811761856
,,,26.95580808,23,2.430645227
,,,26.96343001,33,3.061500788
,,,26.97103275,33,3.320162058
,,,26.97106918,27,3.254387379
,,,26.99748744,48,2.857588053
,,,26.98619824,18,3.126630306
,,,27.00125313,39,2.95556283
,,,26.98748436,16,3.24980998
,,,26.9875,27,2.799957991
,,,26.99625468,34,3.153931379
,,,27.01620948,43,3.345357418
,,,27.0124533,24,3.134675503
,,,27.03606965,46,2.919164181
,,,27.03354037,25,2.891047001
,,,27.05583127,45,2.445209265
,,,27.05576208,27,2.781151295
,,,27.07673267,44,2.789222717
,,,27.08034611,30,2.888072491
,,,27.07037037,19,3.134763241
,,,27.08754624,41,2.332432032
,,,27.06280788,7,4.64567852
,,,27.05412054,20,3.106292725
,,,27.07493857,44,2.823134899
,,,27.09325153,42,3.055649281
,,,27.09926471,32,3.19634223
,,,27.09179927,21,2.915095806
,,,27.06845966,8,3.085421801
,,,27.1013431,54,2.814176559
,,,27.12439024,46,3.109318972
,,,27.13154689,33,3.238978624
,,,27.14233577,36,2.840479374
,,,27.16767922,48,2.954169035
,,,27.17839806,36,2.907762289
,,,27.19272727,39,2.487187862
,,,27.1779661,15,2.73916316
,,,27.16082225,13,3.079457998
,,,27.17512077,39,2.657625914
,,,27.18697226,37,3.394400597
,,,27.19879518,37,2.716406822
,,,27.18411552,15,3.5330863
,,,27.18629808,29,2.685037613
,,,27.16806723,12,3.726562738
,,,27.16067146,21,3.430961847
,,,27.16047904,27,3.410099268
,,,27.17464115,39,3.127747774
,,,27.16129032,16,3.01322341
,,,27.20883055,67,2.515981913
,,,27.28128725,88,2.304367065
,,,27.30714286,49,2.963009119
,,,27.32580262,43,2.811401844
,,,27.36104513,57,3.112993479
,,,27.371293,36,3.086520433
,,,27.37322275,29,3.510842323
,,,27.37988166,33,2.994975328
,,,27.39716312,42,2.779762506
,,,27.41676505,44,2.877521992
,,,27.43514151,43,3.139898062
,,,27.43816254,30,3.505406857
,,,27.44352941,32,3.421493053
,,,27.44653349,30,2.994234085
,,,27.42840376,12,2.950927973
,,,27.44431419,41,2.880336761
,,,27.45784543,39,2.988583326
,,,27.44561404,17,3.360592127
,,,27.44976636,31,2.679152727
,,,27.45974329,36,2.772725582
,,,27.48251748,47,2.970590591
,,,27.47380675,20,3.287889004
,,,27.5127907,61,2.677485704
,,,27.5087108,24,2.730521441
,,,27.51972158,37,3.612507105
,,,27.52838934,35,3.512250423
,,,27.54398148,41,2.652441502
,,,27.56531792,46,3.4961133
,,,27.56235566,25,2.825982094
,,,27.5893887,51,2.739298344
,,,27.60253456,39,2.748995066
,,,27.61680092,40,2.726929665
,,,27.62183908,32,3.127686977
,,,27.61423651,21,2.309198618
,,,27.62844037,40,3.145179987
,,,27.62542955,25,3.334044933
,,,27.62242563,25,3.273499012
,,,27.62171429,27,3.017438412
,,,27.62671233,32,2.980777502
,,,27.64424173,43,2.198524714
,,,27.68451025,63,3.134613514
,,,27.7076223,48,3.239535332
,,,27.69545455,17,3.210210323
,,,27.71736663,47,3.224908113
,,,27.72222222,32,2.825665951
,,,27.7587769,60,2.414356709
,,,27.75791855,27,2.939359188
,,,27.77740113,45,2.861441612
,,,27.78781038,37,3.443413019
,,,27.78579481,26,2.692257166
,,,27.79504505,36,3.45170784
,,,27.80764904,39,2.948492289
,,,27.82134831,40,3.1867733
,,,27.79349046,3,2.893711567
,,,27.81278027,45,3.031497478
,,,27.82754759,41,2.915182114
,,,27.8344519,34,2.708785295
,,,27.83687151,30,2.418741465
,,,27.87611607,63,2.606118441
,,,27.86176143,15,2.932682276
,,,27.88195991,46,3.011502504
,,,27.89766407,42,3.182757616
,,,27.91555556,44,2.854957819
,,,27.91009989,23,3.062510967
,,,27.94678492,61,2.416966438
,,,27.93355482,16,2.941645384
,,,27.95022124,43,2.926414251
,,,27.96132597,38,2.886421919
,,,27.95364238,21,2.535710335
,,,27.96361632,37,2.845063448
,,,27.96035242,25,2.463792086
,,,27.93729373,7,2.512758255
,,,27.94395604,34,3.17987895
,,,27.92755214,13,3.199841261
,,,27.95833333,56,2.627745867
,,,27.94633078,17,3.527959108
,,,27.94310722,25,2.962978125
,,,27.93879781,24,3.681782246
,,,27.95633188,44,3.09920001
,,,27.9651036,36,3.18508029
,,,27.98583878,47,3.162543297
,,,27.99020675,32,3.307177782
,,,27.99891304,36,3.016507626
,,,28,29,3.081732512
,,,28.02711497,53,3.040488005
,,,28.03358613,34,2.9570086
,,,28.03138528,26,3.470871449
,,,28.03675676,33,3.178094149
,,,28.03347732,25,2.346792936
,,,28.04746494,41,3.024253368
,,,28.07327586,52,2.432938099
,,,28.07642626,31,3.411773682
,,,28.09892473,49,2.752615213
,,,28.12459721,52,2.389241934
,,,28.11266094,17,3.56664896
,,,28.10503751,21,3.451059341
,,,28.10599572,29,3.028803825
,,,28.11016043,32,3.551931381
,,,28.14529915,61,2.768038511
,,,28.15688367,39,3.659234524
,,,28.18123667,51,2.815323591
,,,28.19595314,42,2.630108595
,,,28.18617021,19,3.863998175
,,,28.17640808,19,2.997246742
,,,28.18895966,40,3.33676672
,,,28.16436903,5,3.063020706
,,,28.15466102,19,2.97562623
,,,28.19259259,64,3.066506624
,,,28.19344609,29,2.824803352
,,,28.19218585,27,3.042053223
,,,28.17616034,13,2.604617357
,,,28.17281349,25,2.948706388
,,,28.16315789,19,3.034792662
,,,28.20189274,65,2.713794947
,,,28.20693277,33,3.153155088
,,,28.20671563,28,2.931619167
,,,28.18238994,5,1.422468424
,,,28.17801047,24,2.991448402
,,,28.16422594,15,3.60328722
,,,28.18390805,47,2.587571383
,,,28.18267223,27,2.994606256
,,,28.19812304,43,2.34587431
,,,28.190625,21,3.129810095
,,,28.19042664,28,2.456997156
,,,28.20790021,45,3.491996527
,,,28.22222222,42,3.071670771
,,,28.20539419,12,2.866305351
,,,28.23523316,57,2.347737551
,,,28.25465839,47,2.74145484
,,,28.2450879,19,2.946332216
,,,28.25826446,41,2.818366528
,,,28.24251806,13,2.416795015
,,,28.23608247,22,3.142782211
,,,28.23480947,27,3.125283241
,,,28.25205761,45,2.840335608
,,,28.26002055,36,3.495785952
,,,28.28542094,53,2.960498333
,,,28.28205128,25,2.695580959
,,,28.30020492,46,2.652271748
,,,28.31422723,42,2.988145113
,,,28.31492843,29,2.895836115
,,,28.32482125,38,2.881098509
,,,28.33061224,34,3.611554384
,,,28.32110092,19,2.694794893
,,,28.3095723,17,2.781827211
,,,28.33672431,55,2.821795702
,,,28.32520325,17,3.141997576
,,,28.3106599,14,3.243235826
,,,28.29411765,12,2.819229126
,,,28.2887538,23,2.518787384
,,,28.27530364,15,2.267332554
,,,28.29726997,50,2.739838362
,,,28.31515152,46,2.894879103
,,,28.30877901,22,3.119187117
,,,28.32157258,41,2.956780672
,,,28.3141994,21,3.039707661
,,,28.30684105,21,2.995060682
,,,28.32964824,51,2.709137201
,,,28.33935743,38,2.840211391
,,,28.34002006,29,2.732985497
,,,28.33767535,26,2.961646318
,,,28.33133133,22,3.103827238
,,,28.347,44,2.895672083
,,,28.33866134,20,2.65908432
,,,28.37125749,61,2.910004139
,,,28.37686939,34,3.534027338
,,,28.3814741,33,2.878134489
,,,28.39402985,41,3.013241291
,,,28.40159046,36,2.974312782
,,,28.408143,35,2.729830503
,,,28.40376984,24,3.726559639
,,,28.44598612,71,2.891431093
,,,28.47524752,58,2.496946335
,,,28.47279921,26,2.943865061
,,,28.51383399,70,2.475267649
,,,28.53998026,55,3.077020645
,,,28.55128205,40,3.161047697
,,,28.54285714,20,3.356906652
,,,28.52854331,14,2.691858053
,,,28.53883972,39,3.3665483
,,,28.52652259,16,2.226018906
,,,28.57016683,73,2.271111488
,,,28.58137255,40,2.931340218
